{
  "total_attempted": 10,
  "admitted": 10,
  "rejected": 0,
  "admission_rate": 100.0,
  "cds_pass_count": 10,
  "pds_pass_count": 0,
  "failure_reasons": {},
  "example_admitted_skill": {
    "skill_id": "skill_001",
    "admitted": true,
    "gate_type": "CDS",
    "delta_r": 186.00402880597233,
    "delta_n": [
      127.19883728027344,
      58.80522918701172
    ],
    "margin": 244.80925799298404,
    "failure_reason": null
  },
  "example_rejected_skill": null,
  "mdn_source": "trained_checkpoint",
  "checkpoint_path": "models/mdn_policy_best.pth",
  "alpha_values": [
    0.7335808873176575,
    0.7050632834434509
  ],
  "derived_weights": [
    0.509911298751831,
    0.49008873105049133
  ],
  "support_values": [
    0.7457194328308105,
    0.5010267496109009
  ],
  "support_geometry_feasible": true
}