{
  "total_attempted": 10,
  "admitted": 10,
  "rejected": 0,
  "admission_rate": 100.0,
  "cds_pass_count": 10,
  "pds_pass_count": 0,
  "failure_reasons": {},
  "example_admitted_skill": {
    "skill_id": "skill_001",
    "admitted": true,
    "gate_type": "CDS",
    "delta_r": 153.84659987511571,
    "delta_n": [
      114.52487182617188,
      39.32173538208008
    ],
    "margin": 193.1683352571958,
    "failure_reason": null
  },
  "example_rejected_skill": null,
  "mdn_source": "trained_checkpoint",
  "checkpoint_path": "models/mdn_policy_best.pth",
  "alpha_values": [
    0.7593032717704773,
    0.7502007484436035
  ],
  "derived_weights": [
    0.5030150413513184,
    0.49698489904403687
  ],
  "support_values": [
    0.7350444793701172,
    0.5167338848114014
  ],
  "support_geometry_feasible": true
}